ID,Season ID,Partner ID,Category ID,Name,Description,Cover Picture URL,Start Date,Finish Date,Status,Highlight,Premium,Sponsored,Created At,Updated At
88311bec-26e8-4fca-b472-f42e0c089e97,fc280d3f-9dcc-415d-a77b-624ac7a1e1de,63ad2dd1-8399-4619-b13b-9399ffa0455e,ffbcc825-0abe-40da-b0b2-ecb27826c044,Pesquisa Trexx,Responda nossa pesquisa de 3 minutos e deixe a Trexx saber sua opinião sobre a plataforma.,https://trexx.s3.us-east-2.amazonaws.com/Capa+Misso%CC%83es+Trexx+(1).png,,,CLOSED,false,false,false,2025-05-12T13:43:59.404,2025-05-12T13:43:59.404
4a38fbaf-262f-429d-aa2d-216b5e448d8e,fc280d3f-9dcc-415d-a77b-624ac7a1e1de,63ad2dd1-8399-4619-b13b-9399ffa0455e,ffbcc825-0abe-40da-b0b2-ecb27826c044,Configure suas preferências de jogo,Personalize suas experiências e receba recomendações que combinam com seu estilo.,https://trexx.s3.us-east-2.amazonaws.com/preferencias-trexx.png,,,CLOSED,false,false,false,2025-05-12T13:43:59.404,2025-05-12T13:43:59.404
a8452a91-c757-4cbe-8cde-558301ea60fe,fc280d3f-9dcc-415d-a77b-624ac7a1e1de,63ad2dd1-8399-4619-b13b-9399ffa0455e,ffbcc825-0abe-40da-b0b2-ecb27826c044,Siga o canalwoohoo no Instagram,Siga a página oficial do canalwoohoo no Instagram para acompanhar as novidades.,https://trexx.s3.us-east-2.amazonaws.com/Siga+a+WOOHOO+no+Instagram.png,,,CLOSED,false,false,false,2025-05-12T13:43:59.404,2025-05-12T13:43:59.404
05e8d944-f429-4024-a062-8692cf5d2acf,fc280d3f-9dcc-415d-a77b-624ac7a1e1de,63ad2dd1-8399-4619-b13b-9399ffa0455e,ffbcc825-0abe-40da-b0b2-ecb27826c044,Conecte-se à Imperial,"Entre no nosso servidor oficial do Discord, conecte-se com a torcida e faça parte da Tropa Imperial!",https://cdn-api.jetadmin.app/media/static_files/projects/partnerdashboard/campaign/1%20-%20Discord.png,,,CLOSED,false,false,false,2025-05-30T19:00:31.608,2025-05-30T19:00:31.608
8ae55710-52e9-4ff8-943c-e4edbc7e76d1,fc280d3f-9dcc-415d-a77b-624ac7a1e1de,63ad2dd1-8399-4619-b13b-9399ffa0455e,ffbcc825-0abe-40da-b0b2-ecb27826c044,Siga a Trexx no Instagram,Siga a página oficial da Trexx no Instagram para acompanhar as novidades.,https://trexx.s3.us-east-2.amazonaws.com/Capa+Misso%CC%83es+Trexx+Instagram.png,,,CLOSED,false,false,false,2025-05-12T13:43:59.404,2025-05-12T13:43:59.404
40c0df29-0901-419b-9e58-a4da5187daf6,fc280d3f-9dcc-415d-a77b-624ac7a1e1de,63ad2dd1-8399-4619-b13b-9399ffa0455e,ffbcc825-0abe-40da-b0b2-ecb27826c044,Siga a Trexx no X,Siga a página oficial da Trexx no X para acompanhar as novidades.,https://trexx.s3.us-east-2.amazonaws.com/Capa+Misso%CC%83es+Trexx.png,,,CLOSED,false,false,false,2025-05-12T13:43:59.404,2025-05-12T13:43:59.404
81243d37-78da-4097-8247-a1d5a4852be0,fc280d3f-9dcc-415d-a77b-624ac7a1e1de,63ad2dd1-8399-4619-b13b-9399ffa0455e,ffbcc825-0abe-40da-b0b2-ecb27826c044,Conecte-se à Trexx,"Entre na nossa comunidade, no nosso servidor oficial do Discord ninguém joga sozinho e ainda ganha prêmios, participa de torneios e gamenights.",https://trexx.s3.us-east-2.amazonaws.com/Capa+Misso%CC%83es+Trexx+Discord.png,,,CLOSED,false,false,false,2025-05-12T13:43:59.404,2025-05-12T13:43:59.404
24fcd548-49de-4b7c-8421-0360572ab98b,fc280d3f-9dcc-415d-a77b-624ac7a1e1de,63ad2dd1-8399-4619-b13b-9399ffa0455e,ffbcc825-0abe-40da-b0b2-ecb27826c044,Navegando na Web,Conheça a Trexx,https://trexx.s3.us-east-2.amazonaws.com/Navegando+na+Web+Trexx.png,,,CLOSED,false,false,false,2025-05-12T13:43:59.404,2025-05-12T13:43:59.404
dcc8c5e2-7d3d-4da5-8005-5691746a1692,fc280d3f-9dcc-415d-a77b-624ac7a1e1de,63ad2dd1-8399-4619-b13b-9399ffa0455e,ffbcc825-0abe-40da-b0b2-ecb27826c044,Siga a Giant Warrior Studios no Instagram,Siga a página oficial da Giant Warrior Studios no Instagram para acompanhar as novidades.,https://trexx.s3.us-east-2.amazonaws.com/Capa+Misso%CC%83es+Trexx+Giant+Warrior.png,,,CLOSED,false,false,false,2025-05-12T13:43:59.404,2025-05-12T13:43:59.404
fca55d71-6b9b-46fd-8ce4-aed930c5ff9a,fc280d3f-9dcc-415d-a77b-624ac7a1e1de,63ad2dd1-8399-4619-b13b-9399ffa0455e,ffbcc825-0abe-40da-b0b2-ecb27826c044,Siga a Pixel Hound no Blue Sky,Siga a página oficial da Pixel Hound no Blue Sky para acompanhar as novidades.,https://trexx.s3.us-east-2.amazonaws.com/Capa+Misso%CC%83es+Trexx+-+Pixel+Hound+(1).png,,,CLOSED,false,false,false,2025-05-12T13:43:59.404,2025-05-12T13:43:59.404
719ce028-534b-4654-9d5b-350cc34c2c5a,fc280d3f-9dcc-415d-a77b-624ac7a1e1de,6a6b3b4f-3afa-43a9-946f-7e51f33738fe,ffbcc825-0abe-40da-b0b2-ecb27826c044,Siga a Login House eXP no Instagram,Siga a página oficial da Login House eXP no Instagram para acompanhar as novidades.,https://trexx.s3.us-east-2.amazonaws.com/Capa+Misso%CC%83es+Trexx+Instagram+(1).png,,,OPEN,false,false,false,2025-05-12T13:43:59.404,2025-05-12T13:43:59.404
c467fbdb-75c9-43cf-95ed-072d75c9b32d,fc280d3f-9dcc-415d-a77b-624ac7a1e1de,63ad2dd1-8399-4619-b13b-9399ffa0455e,ffbcc825-0abe-40da-b0b2-ecb27826c044,Siga a Pixel Hound no Instagram,Siga a página oficial da Pixel Hound no Instagram para acompanhar as novidades.,https://trexx.s3.us-east-2.amazonaws.com/Capa+Misso%CC%83es+Trexx+-+Pixel+Hound.png,,,CLOSED,false,false,false,2025-05-12T13:43:59.404,2025-05-12T13:43:59.404
2bc23169-b4e6-4050-a185-c09ff9348a7d,fc280d3f-9dcc-415d-a77b-624ac7a1e1de,63ad2dd1-8399-4619-b13b-9399ffa0455e,ffbcc825-0abe-40da-b0b2-ecb27826c044,Espalhe o Nome da Imperial,Juntos vamos mais longe! Compartilhe este post e espalhe o nome da Imperial!,https://cdn-api.jetadmin.app/media/static_files/projects/partnerdashboard/campaign/4%20-Retweetar%20Post.png,,,CLOSED,false,false,false,2025-05-30T19:08:53.723,2025-05-30T19:08:53.723
76607a34-89a0-49c7-b08f-e3ef328313c3,fc280d3f-9dcc-415d-a77b-624ac7a1e1de,63ad2dd1-8399-4619-b13b-9399ffa0455e,ffbcc825-0abe-40da-b0b2-ecb27826c044,Mostre Lealdade a Imperial!,Solta o grito nos comentários e mostra que a torcida da Imperial é diferente!,https://cdn-api.jetadmin.app/media/static_files/projects/partnerdashboard/campaign/5%20-%20Lealdade%20a%20Imperial.png,,,CLOSED,false,false,false,2025-05-30T19:11:31.77,2025-05-30T19:11:31.77
588d3d89-f742-4eda-a695-d2b9634fb5a9,fc280d3f-9dcc-415d-a77b-624ac7a1e1de,63ad2dd1-8399-4619-b13b-9399ffa0455e,ffbcc825-0abe-40da-b0b2-ecb27826c044,Desbloqueie o Código Imperial, Missão confidencial: insira o código secreto divulgado nas nossas redes e desbloqueie o próximo nível,https://cdn-api.jetadmin.app/media/static_files/projects/partnerdashboard/campaign/8%20-%20C%C3%B3digo%20Imperial.png,,,CLOSED,false,false,false,2025-05-30T19:17:05.681,2025-05-30T19:17:05.681
e44e836a-7b9b-4154-8b49-fa8d309d6004,fc280d3f-9dcc-415d-a77b-624ac7a1e1de,63ad2dd1-8399-4619-b13b-9399ffa0455e,ffbcc825-0abe-40da-b0b2-ecb27826c044,Curta o Grito da Torcida!,Mostre que está com a gente! Curta o post no X e fortaleça o time!,https://cdn-api.jetadmin.app/media/static_files/projects/partnerdashboard/campaign/3%20-%20Curtir%20Post.png,,,CLOSED,false,false,false,2025-05-30T19:06:24.747,2025-05-30T19:06:24.747
e500ee3b-d278-4a93-a5eb-21df9daa4630,fc280d3f-9dcc-415d-a77b-624ac7a1e1de,63ad2dd1-8399-4619-b13b-9399ffa0455e,ffbcc825-0abe-40da-b0b2-ecb27826c044,Siga a Imperial na Twitch,Não perca nenhum momento ao vivo! Siga nosso canal na Twitch e receba recompensas enquanto acompanha a Imperial em ação.,https://cdn-api.jetadmin.app/media/static_files/projects/partnerdashboard/campaign/6-%20Twitch.png,,,CLOSED,false,false,false,2025-05-30T19:13:52.618,2025-05-30T19:13:52.618
1161078a-78f8-4b73-b499-89e28950904c,fc280d3f-9dcc-415d-a77b-624ac7a1e1de,6a6b3b4f-3afa-43a9-946f-7e51f33738fe,ffbcc825-0abe-40da-b0b2-ecb27826c044,Siga o woohoogames no Instagram,Siga a página oficial do woohoogames no Instagram para acompanhar as novidades.,https://trexx.s3.us-east-2.amazonaws.com/Capa+Misso%CC%83es+Trexx+WOOHOO+GAMES.png,,,OPEN,false,false,false,2025-05-12T13:43:59.404,2025-05-12T13:43:59.404
2dbbdf81-9f96-4d9a-b06e-6028b3b8b880,fc280d3f-9dcc-415d-a77b-624ac7a1e1de,63ad2dd1-8399-4619-b13b-9399ffa0455e,ffbcc825-0abe-40da-b0b2-ecb27826c044,Siga a Trexx no X,"Siga a Trexx no X e fique por dentro das últimas novidades, lançamentos e conteúdos exclusivos!",https://cdn-api.jetadmin.app/media/static_files/projects/partnerdashboard/campaign/28_-_siga_a_trexx_no_x__1_.png,,,CLOSED,false,false,false,2025-06-02T22:17:05.71,2025-06-02T22:17:05.71
38005e95-c85e-4bc3-82b2-4a738eabfb46,fc280d3f-9dcc-415d-a77b-624ac7a1e1de,63ad2dd1-8399-4619-b13b-9399ffa0455e,ffbcc825-0abe-40da-b0b2-ecb27826c044,Siga a Imperial na TikTok,Quer ver conteúdo exclusivo? Corre no TikTok e siga nosso perfil oficial para não perder nada!,https://cdn-api.jetadmin.app/media/static_files/projects/partnerdashboard/campaign/15%20-%20%20TikTok.png,2025-06-08T13:05:00,,CLOSED,false,false,false,2025-06-02T13:19:09.224,2025-06-02T13:19:09.224
97993098-d447-4da1-b7c3-8e283cb10c75,fc280d3f-9dcc-415d-a77b-624ac7a1e1de,63ad2dd1-8399-4619-b13b-9399ffa0455e,ffbcc825-0abe-40da-b0b2-ecb27826c044,No HYPE!,Aumenta o volume! A playlist da Imperial HYPE tá pronta pra te energizar!,https://cdn-api.jetadmin.app/media/static_files/projects/partnerdashboard/campaign/11%20-%20%20no%20hype.png,2025-06-05T13:07:00,,CLOSED,false,false,false,2025-06-02T13:07:11.347,2025-06-02T13:07:11.347
91869b74-7489-489c-8281-afa55e06420a,fc280d3f-9dcc-415d-a77b-624ac7a1e1de,63ad2dd1-8399-4619-b13b-9399ffa0455e,ffbcc825-0abe-40da-b0b2-ecb27826c044,Siga a PirateSwap,Junte-se à comunidade PirateSwap! Acompanhe nosso Instagram para receber conteúdos exclusivos e novidades!,https://trexx.s3.us-east-2.amazonaws.com/22+-+Seguir+Perfil+pirate.png,2025-06-09T13:00:00,,CLOSED,false,false,false,2025-06-02T17:24:39.04,2025-06-02T17:24:39.04
a6dac024-063b-48d4-8ac0-69acfdff5bb7,fc280d3f-9dcc-415d-a77b-624ac7a1e1de,63ad2dd1-8399-4619-b13b-9399ffa0455e,ffbcc825-0abe-40da-b0b2-ecb27826c044,Siga a Gamdom,Curte games e skins? A Gamdom é o seu lugar! Siga a gente no Instagram e acompanhe todas as novidades e dicas exclusivas.,https://trexx.s3.us-east-2.amazonaws.com/23+-+Seguir+Perfil+gamdom.png,2025-06-09T13:00:00,,CLOSED,false,false,false,2025-06-02T17:27:09.24,2025-06-02T17:27:09.24
1566f25b-9a14-494a-ac84-d62674a25f8d,fc280d3f-9dcc-415d-a77b-624ac7a1e1de,63ad2dd1-8399-4619-b13b-9399ffa0455e,ffbcc825-0abe-40da-b0b2-ecb27826c044,Curta o Grito da Torcida no Tik Tok,Apoie a equipe! Curta o post no TikTok e ajude a Imperial a crescer cada vez mais!,https://trexx.s3.us-east-2.amazonaws.com/16+-+Curtir+Post+(1).png,2025-06-05T13:00:00,,CLOSED,false,false,false,2025-06-02T16:54:31.57,2025-06-02T16:54:31.57
722fdca6-a334-45f6-8c8e-1fe78935a708,fc280d3f-9dcc-415d-a77b-624ac7a1e1de,63ad2dd1-8399-4619-b13b-9399ffa0455e,ffbcc825-0abe-40da-b0b2-ecb27826c044,Espalhe o Nome da Imperial,Vamos juntos! Compartilhe este post e faça o nome da Imperial chegar cada vez mais longe!,https://trexx.s3.us-east-2.amazonaws.com/17+-Retweetar+Post+(1).png,2025-06-09T09:00:00,,CLOSED,false,false,false,2025-06-02T16:59:57.636,2025-06-02T16:59:57.636
aefeaaaa-699a-47f0-9bb1-db84e4021461,fc280d3f-9dcc-415d-a77b-624ac7a1e1de,63ad2dd1-8399-4619-b13b-9399ffa0455e,ffbcc825-0abe-40da-b0b2-ecb27826c044,Fortaleça a Imperial!,Solta o grito nos comentários e mostra que a torcida da Imperial é diferente!,https://trexx.s3.us-east-2.amazonaws.com/20+-+Lealdade+a+Imperial+(1).png,2025-06-09T13:00:00,,CLOSED,false,false,false,2025-06-02T17:16:42.284,2025-06-02T17:16:42.284
019a8201-4fd9-4bbd-bce3-574759636710,fc280d3f-9dcc-415d-a77b-624ac7a1e1de,63ad2dd1-8399-4619-b13b-9399ffa0455e,ffbcc825-0abe-40da-b0b2-ecb27826c044,Siga a CS Go Skins,Quer as melhores novidades da CSGoSkins? Siga o perfil oficial no Instagram e fique sempre atualizado!,https://trexx.s3.us-east-2.amazonaws.com/21+-+Seguir+Perfil++csgoskins.png,2025-06-09T13:00:00,,CLOSED,false,false,false,2025-06-02T17:20:05.719,2025-06-02T17:20:05.719
443a3af1-cc87-4d98-89a8-ee87b89cd1ab,fc280d3f-9dcc-415d-a77b-624ac7a1e1de,63ad2dd1-8399-4619-b13b-9399ffa0455e,ffbcc825-0abe-40da-b0b2-ecb27826c044,Siga a Imperial Esports na Kick,"Fique por dentro de toda a emoção das nossas transmissões ao vivo! Siga o perfil oficial da Imperial Esports na Kick e não perca nenhuma live com gameplay, eventos exclusivos e muita interação",https://trexx.s3.us-east-2.amazonaws.com/24+-+Seguir+Perfil+na+Kick.png,2025-06-09T13:00:00,,CLOSED,false,false,false,2025-06-02T17:28:49.6,2025-06-02T17:28:49.6
29e28df8-c309-43d0-906e-644f1c1921d7,fc280d3f-9dcc-415d-a77b-624ac7a1e1de,63ad2dd1-8399-4619-b13b-9399ffa0455e,ffbcc825-0abe-40da-b0b2-ecb27826c044,Vlog Imperial,Tá rolando coisa nova! Assista agora ao último vídeo da Imperial no YouTube e fique ligado!,https://trexx.s3.us-east-2.amazonaws.com/19++-+Vlog+Imperial.png,2025-06-09T13:01:00,,CLOSED,false,false,false,2025-06-02T17:12:40.998,2025-06-02T17:12:40.998
0b90f50a-edf0-457d-bba1-76739897ce20,fc280d3f-9dcc-415d-a77b-624ac7a1e1de,6a6b3b4f-3afa-43a9-946f-7e51f33738fe,ffbcc825-0abe-40da-b0b2-ecb27826c044,Arma no CS,Acerte qual é a arma e prove seu conhecimento em CS!,https://trexx.s3.us-east-2.amazonaws.com/Arma+CS2+Trexx+Club.png,,,OPEN,false,false,false,2025-06-02T23:13:32.135,2025-06-02T23:13:32.135
d573a166-9bbb-40b0-a9f1-30ec7a0e3b59,fc280d3f-9dcc-415d-a77b-624ac7a1e1de,6a6b3b4f-3afa-43a9-946f-7e51f33738fe,ffbcc825-0abe-40da-b0b2-ecb27826c044,Siga a Imperial no X,"Acompanhe todas as novidades, bastidores e anúncios da nossa equipe em primeira mão. Siga nosso perfil oficial no X e fique por dentro de tudo!",https://cdn-api.jetadmin.app/media/static_files/projects/partnerdashboard/campaign/2%20-%20Twitter%20(X).png,,,OPEN,false,false,false,2025-05-30T19:04:01.47,2025-05-30T19:04:01.47
420296df-608a-4c82-9634-6c3f7ee36f9f,fc280d3f-9dcc-415d-a77b-624ac7a1e1de,6a6b3b4f-3afa-43a9-946f-7e51f33738fe,ffbcc825-0abe-40da-b0b2-ecb27826c044,Complete seu KYC,Confirme sua identidade e tenha acesso completo a todos os recursos e benefícios!,https://cdn-api.jetadmin.app/media/static_files/projects/partnerdashboard/campaign/26_-_complete_seu_kyc.png,,,OPEN,false,false,false,2025-06-02T23:13:32.135,2025-06-02T23:13:32.135
5a295763-a265-4c38-9eff-6615f58a14bd,fc280d3f-9dcc-415d-a77b-624ac7a1e1de,6a6b3b4f-3afa-43a9-946f-7e51f33738fe,ffbcc825-0abe-40da-b0b2-ecb27826c044,Convide um Amigo,Traga um amigo pro Trexx Club e ganhem pontos juntos!,https://trexx.s3.us-east-2.amazonaws.com/Convide+um+Amigo+-+Trexx+Club.png,,,OPEN,false,false,false,2025-06-02T23:13:32.135,2025-06-02T23:13:32.135
54df2820-1ef2-414f-bff4-71befa11aaee,fc280d3f-9dcc-415d-a77b-624ac7a1e1de,6a6b3b4f-3afa-43a9-946f-7e51f33738fe,ffbcc825-0abe-40da-b0b2-ecb27826c044,Siga Tanssi X,Siga a Tanssi no X e fique por dentro das novidades!,https://trexx.s3.us-east-2.amazonaws.com/Tanssi+no+X.png,,,OPEN,false,false,false,2025-06-02T23:13:32.135,2025-06-02T23:13:32.135
21b70107-56e7-4820-8069-cf22ffe7fa5c,fc280d3f-9dcc-415d-a77b-624ac7a1e1de,63ad2dd1-8399-4619-b13b-9399ffa0455e,ffbcc825-0abe-40da-b0b2-ecb27826c044,Pesquisa Imperial,Sua opinião importa! Responda nossa pesquisa rápida e faça parte da construção da Imperial!,https://trexx.s3.us-east-2.amazonaws.com/Pesquisa+Imperial+(1).png,,,CLOSED,false,false,false,2025-06-02T19:09:03.854,2025-06-02T19:09:03.854
fb96405a-46f2-47a8-b881-0084315afc63,fc280d3f-9dcc-415d-a77b-624ac7a1e1de,63ad2dd1-8399-4619-b13b-9399ffa0455e,ffbcc825-0abe-40da-b0b2-ecb27826c044,Configure suas preferências de jogo,Personalize cada detalhe e descubra recomendações perfeitas que combinam com você,https://cdn-api.jetadmin.app/media/static_files/projects/partnerdashboard/campaign/25%20-%20Prefere%CC%82ncias.png,,,CLOSED,false,false,false,2025-06-02T20:26:29.549,2025-06-02T20:26:29.549
273aef01-0cbd-4f6b-a92e-365f5229214b,fc280d3f-9dcc-415d-a77b-624ac7a1e1de,63ad2dd1-8399-4619-b13b-9399ffa0455e,ffbcc825-0abe-40da-b0b2-ecb27826c044,Pesquisa Trexx,Conte para a Trexx o que você pensa! Responda nossa pesquisa e faça parte da nossa evolução.,https://cdn-api.jetadmin.app/media/static_files/projects/partnerdashboard/campaign/29_-_pesquisa_trexx.png,,,CLOSED,false,false,false,2025-06-02T20:57:25.678,2025-06-02T20:57:25.678
c362c77f-fbb0-4444-8dad-40b31dbdd267,fc280d3f-9dcc-415d-a77b-624ac7a1e1de,63ad2dd1-8399-4619-b13b-9399ffa0455e,ffbcc825-0abe-40da-b0b2-ecb27826c044,Siga a Trexx no Instagram,Quer estar sempre atualizado? Siga a página oficial da Trexx no Instagram e não perca nenhuma novidade!,https://cdn-api.jetadmin.app/media/static_files/projects/partnerdashboard/campaign/27%20-%20Siga%20a%20Trexx%20no%20Instagram%20(1).png,,,CLOSED,false,false,false,2025-06-02T21:20:51.433,2025-06-02T21:20:51.433
04a4642e-7ede-44d0-8c9a-9e4fa3c75fa7,fc280d3f-9dcc-415d-a77b-624ac7a1e1de,63ad2dd1-8399-4619-b13b-9399ffa0455e,ffbcc825-0abe-40da-b0b2-ecb27826c044,Pro player favorito!,O poder está em suas mãos! Vote no atleta Imperial que vai liderar nossa próxima vitória!,https://cdn-api.jetadmin.app/media/static_files/projects/partnerdashboard/campaign/9-%20Vota%C3%A7%C3%A3o.png,2025-06-05T13:01:00,,CLOSED,false,false,false,2025-06-02T13:01:21.936,2025-06-02T13:01:21.936
6eb860b5-9ef5-46b4-a361-394581546af8,fc280d3f-9dcc-415d-a77b-624ac7a1e1de,63ad2dd1-8399-4619-b13b-9399ffa0455e,ffbcc825-0abe-40da-b0b2-ecb27826c044,Se Inscreva no canal da Imperial no Youtube,Não perca nenhum vídeo! Siga nosso canal oficial no YouTube e fique por dentro de todas as novidades da equipe!,https://trexx.s3.us-east-2.amazonaws.com/18+-+Seguir+no+YT.png,2025-06-09T13:00:00,,CLOSED,false,false,false,2025-06-02T17:05:56.953,2025-06-02T17:05:56.953
d0f9846d-1466-4a5c-817d-6e5daa6dee5e,fc280d3f-9dcc-415d-a77b-624ac7a1e1de,6a6b3b4f-3afa-43a9-946f-7e51f33738fe,ffbcc825-0abe-40da-b0b2-ecb27826c044,Siga Flamengo Redes,Siga o Mengão nas redes e acompanhe as novidades do clube!,https://trexx.s3.us-east-2.amazonaws.com/Siga+o+Fla+Esports.png,,,OPEN,false,false,false,2025-06-02T23:13:32.135,2025-06-02T23:13:32.135
9fb3034c-f4de-4d57-98db-5cfc4970c013,fc280d3f-9dcc-415d-a77b-624ac7a1e1de,6a6b3b4f-3afa-43a9-946f-7e51f33738fe,ffbcc825-0abe-40da-b0b2-ecb27826c044,Franquia Ubisoft,Diga qual franquia da Ubisoft você mais curte!,https://trexx.s3.us-east-2.amazonaws.com/Franquia+Ubisoft+-+Trexx+Club.png,,,OPEN,false,false,false,2025-06-02T23:13:32.135,2025-06-02T23:13:32.135
bac7a30d-ff02-44a0-9f7e-3b0d789ba736,fc280d3f-9dcc-415d-a77b-624ac7a1e1de,6a6b3b4f-3afa-43a9-946f-7e51f33738fe,ffbcc825-0abe-40da-b0b2-ecb27826c044,Jogo favorito Supercell,Qual é seu jogo favorito da Supercell? Vote agora!,https://trexx.s3.us-east-2.amazonaws.com/Trexx+Club+Jogo+Supercell.png,,,OPEN,false,false,false,2025-06-02T23:13:32.135,2025-06-02T23:13:32.135
a55fc659-0817-4533-9ca2-7b12a685ffc8,7b418ca8-4608-4396-b248-2260285d77e1,63ad2dd1-8399-4619-b13b-9399ffa0455e,fc2128c6-51df-4978-a5bb-2c342f0809ab,Comentar Post,Solta o grito nos comentários e mostra que a torcida da Imperial é diferente! ,https://trexx.s3.us-east-2.amazonaws.com/Prancheta+1+(2).png,,,OPEN,false,false,false,2025-06-18T11:02:58.287,2025-06-18T11:02:58.287
e5a9fb04-73a2-4823-835d-d8f87879d022,7b418ca8-4608-4396-b248-2260285d77e1,63ad2dd1-8399-4619-b13b-9399ffa0455e,fc2128c6-51df-4978-a5bb-2c342f0809ab,Desbloqueie o Código Imperial,Missão confidencial: insira o código secreto divulgado nas nossas redes e desbloqueie o próximo nível,https://trexx.s3.us-east-2.amazonaws.com/Prancheta+1+(3).png,,,OPEN,false,false,false,2025-06-18T11:02:58.287,2025-06-18T11:02:58.287
e4a4bdf3-abd6-43b9-a248-cc64cf2cbd07,7b418ca8-4608-4396-b248-2260285d77e1,63ad2dd1-8399-4619-b13b-9399ffa0455e,fc2128c6-51df-4978-a5bb-2c342f0809ab,Seguir Twitch,Não perca nenhum momento ao vivo! Siga nosso canal na Twitch e receba recompensas enquanto acompanha a Imperial em ação. ,https://trexx.s3.us-east-2.amazonaws.com/Twitch+Image.png,,,OPEN,false,false,false,2025-06-18T11:02:58.287,2025-06-18T11:02:58.287
f55968a0-259a-4c9d-9515-a3d3963af481,7b418ca8-4608-4396-b248-2260285d77e1,63ad2dd1-8399-4619-b13b-9399ffa0455e,fc2128c6-51df-4978-a5bb-2c342f0809ab,Curtir postagem no X,Mostre que está com a gente! Curta o post no X e fortaleça o time! ,https://trexx.s3.us-east-2.amazonaws.com/Prancheta+1.png,,,OPEN,false,false,false,2025-06-18T11:02:58.287,2025-06-18T11:02:58.287
67752556-43ef-48d2-915a-cb767a987010,7b418ca8-4608-4396-b248-2260285d77e1,63ad2dd1-8399-4619-b13b-9399ffa0455e,fc2128c6-51df-4978-a5bb-2c342f0809ab,Retweetar Post,Juntos vamos mais longe! Compartilhe este post e espalhe o nome da Imperial!,https://trexx.s3.us-east-2.amazonaws.com/Prancheta+1+(1).png,,,OPEN,false,false,false,2025-06-18T11:02:58.287,2025-06-18T11:02:58.287
4334703d-c975-4d63-a772-b25cbb239119,7b418ca8-4608-4396-b248-2260285d77e1,63ad2dd1-8399-4619-b13b-9399ffa0455e,fc2128c6-51df-4978-a5bb-2c342f0809ab,Vlog Imperial é mais legal ,Tá rolando coisa nova! Assista agora ao último vídeo da Imperial no YouTube e fique ligado!,https://trexx.s3.us-east-2.amazonaws.com/Vlog+Imperial+(1).png,,,OPEN,false,false,false,2025-06-18T11:02:58.287,2025-06-18T11:02:58.287
f479e61e-61d0-41a8-833a-8ae2f65522ee,7b418ca8-4608-4396-b248-2260285d77e1,63ad2dd1-8399-4619-b13b-9399ffa0455e,fc2128c6-51df-4978-a5bb-2c342f0809ab,Se Inscreva no canal da Imperial no Youtube,Não perca nenhum vídeo! Siga nosso canal oficial no YouTube e fique por dentro de todas as novidades da equipe!,https://trexx.s3.us-east-2.amazonaws.com/Seguir+no+YT+(1).png,,,OPEN,false,false,false,2025-06-18T11:02:58.287,2025-06-18T11:02:58.287
67dda69c-161e-4b96-a7dc-6b00921447b9,7b418ca8-4608-4396-b248-2260285d77e1,63ad2dd1-8399-4619-b13b-9399ffa0455e,fc2128c6-51df-4978-a5bb-2c342f0809ab,Fortaleça a Imperial!,Sua energia faz a diferença! Comente aqui e fortaleça a Imperial!,https://trexx.s3.us-east-2.amazonaws.com/Comentar+Post+com+Arte+(1).png,,,OPEN,false,false,false,2025-06-18T11:02:58.287,2025-06-18T11:02:58.287
a40ec8f7-5883-4760-bf76-cedd06115d6e,7b418ca8-4608-4396-b248-2260285d77e1,63ad2dd1-8399-4619-b13b-9399ffa0455e,fc2128c6-51df-4978-a5bb-2c342f0809ab,Navegando na Web,Explore tudo sobre a Imperial! Conheça nosso site e fique por dentro das novidades.,https://trexx.s3.us-east-2.amazonaws.com/Navegando+na+Web+(1)+(1).png,,,OPEN,false,false,false,2025-06-18T11:02:58.287,2025-06-18T11:02:58.287
9739d496-49a4-44ad-9061-b45001a7cac2,7b418ca8-4608-4396-b248-2260285d77e1,63ad2dd1-8399-4619-b13b-9399ffa0455e,fc2128c6-51df-4978-a5bb-2c342f0809ab,Siga a Imperial no TikTok,Quer ver conteúdo exclusivo? Corre no TikTok e siga nosso perfil oficial para não perder nada!,https://trexx.s3.us-east-2.amazonaws.com/TikTok+Image.png,,,OPEN,false,false,false,2025-06-18T11:02:58.287,2025-06-18T11:02:58.287
0f8f0e18-c78b-4b54-bfcc-f951051b1bd2,7b418ca8-4608-4396-b248-2260285d77e1,63ad2dd1-8399-4619-b13b-9399ffa0455e,fc2128c6-51df-4978-a5bb-2c342f0809ab,Curta o Grito da Torcida,Apoie a equipe! Curta o post no TikTok e ajude a Imperial a crescer cada vez mais!,https://trexx.s3.us-east-2.amazonaws.com/Curtir+Post+(2)+(1).png,,,OPEN,false,false,false,2025-06-18T11:02:58.287,2025-06-18T11:02:58.287
d7c48d72-20ee-4f37-baef-64c2766ced96,7b418ca8-4608-4396-b248-2260285d77e1,63ad2dd1-8399-4619-b13b-9399ffa0455e,fc2128c6-51df-4978-a5bb-2c342f0809ab,Espalhe o Nome da Imperial,Vamos juntos! Compartilhe este post e faça o nome da Imperial chegar cada vez mais longe!,https://trexx.s3.us-east-2.amazonaws.com/Retweetar+Post+(2)+(1).png,,,OPEN,false,false,false,2025-06-18T11:02:58.287,2025-06-18T11:02:58.287
0b6606e3-02f0-45f7-aa35-0f011f507057,7b418ca8-4608-4396-b248-2260285d77e1,63ad2dd1-8399-4619-b13b-9399ffa0455e,fc2128c6-51df-4978-a5bb-2c342f0809ab,Siga a Csgoskins no Instagram,Quer as melhores novidades da CSGoSkins? Siga o perfil oficial no Instagram e fique sempre atualizado!,https://trexx.s3.us-east-2.amazonaws.com/Seguir+Perfil+csgoskins+(1).png,,,OPEN,false,false,false,2025-06-18T11:02:58.287,2025-06-18T11:02:58.287
2f2b6d6f-57a7-483d-a90a-5be3797b749a,7b418ca8-4608-4396-b248-2260285d77e1,63ad2dd1-8399-4619-b13b-9399ffa0455e,fc2128c6-51df-4978-a5bb-2c342f0809ab,Siga a PirateSwap no Instagram,Junte-se à comunidade PirateSwap! Acompanhe nosso Instagram para receber conteúdos exclusivos e novidades!,https://trexx.s3.us-east-2.amazonaws.com/Seguir+Perfil+Pirate+(1).png,,,OPEN,false,false,false,2025-06-18T11:02:58.287,2025-06-18T11:02:58.287
2bcca720-120e-4e38-8425-7c0a5d9d67d6,7b418ca8-4608-4396-b248-2260285d77e1,63ad2dd1-8399-4619-b13b-9399ffa0455e,fc2128c6-51df-4978-a5bb-2c342f0809ab,Siga a Gamdom no Instagram,Curte games e skins? A Gamdom é o seu lugar! Siga a gente no Instagram e acompanhe todas as novidades e dicas exclusivas.,https://trexx.s3.us-east-2.amazonaws.com/Seguir+Perfil+Gamdom+(1).png,,,OPEN,false,false,false,2025-06-18T11:02:58.287,2025-06-18T11:02:58.287
0167e677-ee96-4e11-8808-2218138c509d,7b418ca8-4608-4396-b248-2260285d77e1,63ad2dd1-8399-4619-b13b-9399ffa0455e,fc2128c6-51df-4978-a5bb-2c342f0809ab,No HYPE!,Aumenta o volume! A playlist da Imperial HYPE tá pronta pra te energizar!,https://trexx.s3.us-east-2.amazonaws.com/No+Hype+(1)+(1).png,,,OPEN,false,false,false,2025-06-18T11:02:58.287,2025-06-18T11:02:58.287
bf68ef02-e93d-45b4-8d5b-79f4c0579759,7b418ca8-4608-4396-b248-2260285d77e1,63ad2dd1-8399-4619-b13b-9399ffa0455e,fc2128c6-51df-4978-a5bb-2c342f0809ab,Pro Player Favorito,O poder está em suas mãos! Vote no atleta Imperial que vai liderar nossa próxima vitória!,https://trexx.s3.us-east-2.amazonaws.com/Votac%CC%A7a%CC%83o+(1).png,,,OPEN,false,false,false,2025-06-18T11:02:58.287,2025-06-18T11:02:58.287
6467d421-193e-460f-8f7e-1b52f08ec640,fc280d3f-9dcc-415d-a77b-624ac7a1e1de,6a6b3b4f-3afa-43a9-946f-7e51f33738fe,ffbcc825-0abe-40da-b0b2-ecb27826c044,Adivinhe qual jogo,Adivinhe qual jogo é pela imagem e ganhe pontos!,https://trexx.s3.us-east-2.amazonaws.com/Misso%CC%83es+Trexx+Club+Imagem+(1).png,,,OPEN,false,false,false,2025-06-02T23:13:32.135,2025-06-02T23:13:32.135
372335aa-2deb-4f62-a8c8-1dd0c84c570b,7b418ca8-4608-4396-b248-2260285d77e1,63ad2dd1-8399-4619-b13b-9399ffa0455e,fc2128c6-51df-4978-a5bb-2c342f0809ab,Entrar Discord,"Entre no nosso servidor oficial do Discord, conecte-se com a torcida e faça parte da Tropa Imperial!",https://trexx.s3.us-east-2.amazonaws.com/Discord+(3).png,,,OPEN,false,false,false,2025-06-18T11:02:58.287,2025-06-18T11:02:58.287
81dd9efc-1a69-45e7-82a6-eeb669453e73,7b418ca8-4608-4396-b248-2260285d77e1,63ad2dd1-8399-4619-b13b-9399ffa0455e,fc2128c6-51df-4978-a5bb-2c342f0809ab,Seguir no X,"Acompanhe todas as novidades, bastidores e anúncios da nossa equipe em primeira mão. Siga nosso perfil oficial no X e fique por dentro de tudo! ",https://trexx.s3.us-east-2.amazonaws.com/Twitter+X+(1).png,,,OPEN,false,false,false,2025-06-18T11:02:58.287,2025-06-18T11:02:58.287
1a4b0269-c438-4c81-9122-8560b4169ebd,7b418ca8-4608-4396-b248-2260285d77e1,63ad2dd1-8399-4619-b13b-9399ffa0455e,fc2128c6-51df-4978-a5bb-2c342f0809ab,Siga a Imperial na Kick,"Assista ao vivo a Imperial na Kick, torça pelo seu time e ganhe pontos exclusivos enquanto vibra com as melhores jogadas!",https://trexx.s3.us-east-2.amazonaws.com/Seguir+Perfil+na+Kick+(1).png,,,OPEN,false,false,false,2025-06-18T11:02:58.287,2025-06-18T11:02:58.287
4abd0185-e2a8-488f-a371-0ae95bebb22c,e93d4e9a-ca5d-4183-ab90-f07ebcafe91f,d779a239-1a5c-48a5-8650-c374f4273f90,9dc97502-8985-441b-b167-cf244a153046,Engaje com a Manada nas redes sociais,"Interaja com os posts da W7M, curta, comente e compartilhe. Mostre sua força e ajude a Manada a crescer cada vez mais nas redes sociais.",https://trexx.s3.us-east-2.amazonaws.com/Posts.png,,,OPEN,false,false,false,2025-06-25T18:08:49.11,2025-06-25T18:08:49.11
02253a4c-82dc-4ed0-9665-5abef52ccb37,e93d4e9a-ca5d-4183-ab90-f07ebcafe91f,d779a239-1a5c-48a5-8650-c374f4273f90,9dc97502-8985-441b-b167-cf244a153046,Comentar com # em partidas oficiais,Use nossa hashtag durante partidas oficiais e mostre que você é parte da torcida que empurra o time.,https://trexx.s3.us-east-2.amazonaws.com/Hashtag+Image.png,,,OPEN,false,false,false,2025-06-25T18:08:49.11,2025-06-25T18:08:49.11
667c8126-d0e5-4a43-9f43-be43b0be6367,e93d4e9a-ca5d-4183-ab90-f07ebcafe91f,d779a239-1a5c-48a5-8650-c374f4273f90,9dc97502-8985-441b-b167-cf244a153046,Poste sua foto com a camisa da W7M,"Publique uma foto vestindo a camisa da W7M em lugares diferentes e mostre que a Manada te acompanha em todo canto. Leve o orgulho W7M com você e compartilhe esse momento com a comunidade.
Missão exclusiva para quem é Sócio Torcedor!",https://trexx.s3.us-east-2.amazonaws.com/Manto+(1)+(1).png,,,OPEN,false,false,false,2025-06-25T18:08:49.11,2025-06-25T18:08:49.11
a1acb150-5a5b-40d6-b702-f2ff6ca2f49e,e93d4e9a-ca5d-4183-ab90-f07ebcafe91f,d779a239-1a5c-48a5-8650-c374f4273f90,9dc97502-8985-441b-b167-cf244a153046,Convide Novos Bulls,Convide amigos para se tornarem sócios e ganhe bônus de recompensa a cada novo Bull indicado. Mostre que você faz parte da Manada e fortaleça ainda mais a comunidade.,https://trexx.s3.us-east-2.amazonaws.com/Recomende+imagem.png,,,OPEN,false,false,false,2025-06-25T18:08:49.11,2025-06-25T18:08:49.11
6e05394e-1422-496e-9e8a-617b12a8e929,e93d4e9a-ca5d-4183-ab90-f07ebcafe91f,d779a239-1a5c-48a5-8650-c374f4273f90,9dc97502-8985-441b-b167-cf244a153046,Grupo dos Bulls no WhatsApp,"Entre para os grupos oficiais da W7M no WhatsApp e tenha acesso direto às conversas, novidades e ações junto com a staff e a comunidade dos Bulls.
Missão exclusiva para quem é Sócio Torcedor!",https://trexx.s3.us-east-2.amazonaws.com/Grupo+Wpp+(1).png,,,OPEN,false,false,false,2025-06-25T18:08:49.11,2025-06-25T18:08:49.11
2eebef92-5d22-40bc-9776-acdd2d216a00,e93d4e9a-ca5d-4183-ab90-f07ebcafe91f,d779a239-1a5c-48a5-8650-c374f4273f90,9dc97502-8985-441b-b167-cf244a153046,Bull Quiz - Mostre que é da Manada,"Prepare-se para responder várias perguntas sobre a W7M, sua história e seus momentos marcantes. Mostre que faz parte da Manada e conheça tudo sobre o time que você apoia.",https://trexx.s3.us-east-2.amazonaws.com/Quiz.png,,,OPEN,false,false,false,2025-06-25T18:08:49.11,2025-06-25T18:08:49.11
7fa5fd28-e45f-4013-a1c4-a8e5be04e325,e93d4e9a-ca5d-4183-ab90-f07ebcafe91f,d779a239-1a5c-48a5-8650-c374f4273f90,9dc97502-8985-441b-b167-cf244a153046,Missão de Seguir em Rede Social,Siga a W7M em uma rede social e mostre que você caminha com a Manada até fora do servidor.,https://trexx.s3.us-east-2.amazonaws.com/Redes+TinyPNG.png,,,OPEN,false,false,false,2025-06-25T18:08:49.11,2025-06-25T18:08:49.11
b03063bf-7d41-41bc-a55a-faf7e7d53a23,e93d4e9a-ca5d-4183-ab90-f07ebcafe91f,d779a239-1a5c-48a5-8650-c374f4273f90,9dc97502-8985-441b-b167-cf244a153046,Participe do Discord da W7M,Entre para o Discord da W7M,https://trexx.s3.us-east-2.amazonaws.com/DISCORD+(1)+(1)+(1).jpg,,,OPEN,false,false,false,2025-06-25T18:08:49.11,2025-06-25T18:08:49.11
82e7a3fb-d195-422f-8431-8ec2f6c981a6,e93d4e9a-ca5d-4183-ab90-f07ebcafe91f,d779a239-1a5c-48a5-8650-c374f4273f90,9dc97502-8985-441b-b167-cf244a153046,Seguir Banco do Brasil no Instagram,Mostre apoio a quem apoia a W7M! Siga o Banco do Brasil no Instagram e ajude a fortalecer nossa rede.,https://trexx.s3.us-east-2.amazonaws.com/Imagem+do+Google+Drive+(1).png,,,OPEN,false,false,false,2025-06-25T18:08:49.11,2025-06-25T18:08:49.11
4db8490e-5176-41b2-98f7-170b42d608e7,e93d4e9a-ca5d-4183-ab90-f07ebcafe91f,d779a239-1a5c-48a5-8650-c374f4273f90,9dc97502-8985-441b-b167-cf244a153046,Seguir a w7m na Twitch,Não perca nenhuma transmissão da manada! Siga o canal oficial da W7M na Twitch.,https://trexx.s3.us-east-2.amazonaws.com/TWITCH+(1)+(1).png,,,OPEN,false,false,false,2025-06-25T18:08:49.11,2025-06-25T18:08:49.11
ac327305-645a-4ca0-8e3e-b242af732d8c,e93d4e9a-ca5d-4183-ab90-f07ebcafe91f,d779a239-1a5c-48a5-8650-c374f4273f90,9dc97502-8985-441b-b167-cf244a153046,Seguir Mercado Livre no Instagram,Mostre apoio a quem apoia a W7M! Siga o Mercado Livre no Instagram e ajude a fortalecer nossa rede.,https://trexx.s3.us-east-2.amazonaws.com/MELI.png,,,OPEN,false,false,false,2025-06-25T18:08:49.11,2025-06-25T18:08:49.11
9841a4bb-9924-4b51-a80f-b248b9327f5c,e93d4e9a-ca5d-4183-ab90-f07ebcafe91f,d779a239-1a5c-48a5-8650-c374f4273f90,9dc97502-8985-441b-b167-cf244a153046,Retweetar nosso Post,Espalhe a palavra da W7M! Dê RT no post oficial da campanha Sócio Manada.,https://trexx.s3.us-east-2.amazonaws.com/RT.png,,,OPEN,false,false,false,2025-06-25T18:08:49.11,2025-06-25T18:08:49.11
1134add0-ec5b-43c4-852d-5d032e1d4cb9,e93d4e9a-ca5d-4183-ab90-f07ebcafe91f,d779a239-1a5c-48a5-8650-c374f4273f90,9dc97502-8985-441b-b167-cf244a153046,ASSISTIR E COMENTAR O VLOG DA SAL,"Mergulhe nos bastidores da W7M com o documentário da Sal! Descubra curiosidades, histórias e momentos exclusivos da nossa equipe. É só dar o play e garantir seus pontos!",https://trexx.s3.us-east-2.amazonaws.com/DOC.png,,,OPEN,false,false,false,2025-06-25T18:08:49.11,2025-06-25T18:08:49.11
ab8c5fb6-6115-4f7d-bd92-1089c7f32a20,e93d4e9a-ca5d-4183-ab90-f07ebcafe91f,d779a239-1a5c-48a5-8650-c374f4273f90,9dc97502-8985-441b-b167-cf244a153046,Sugerir o nome do nosso mascote,Nosso mascote precisa de um nome! Mande sua sugestão e participe dessa escolha.,https://trexx.s3.us-east-2.amazonaws.com/MASCOTE+(1)+(1).png,,,OPEN,false,false,false,2025-06-25T18:08:49.11,2025-06-25T18:08:49.11
79783323-98e0-4d5a-af83-9cdc28621c32,e93d4e9a-ca5d-4183-ab90-f07ebcafe91f,d779a239-1a5c-48a5-8650-c374f4273f90,9dc97502-8985-441b-b167-cf244a153046,Navegue pelo nosso site,Você já explorou tudo o que a W7M tem a oferecer? Visite nosso site e descubra!,https://trexx.s3.us-east-2.amazonaws.com/Imagem+comprimida+TinyPNG.png,,,OPEN,false,false,false,2025-06-25T18:08:49.11,2025-06-25T18:08:49.11
e03b1132-e66b-4702-a60f-e0e8184df538,e93d4e9a-ca5d-4183-ab90-f07ebcafe91f,d779a239-1a5c-48a5-8650-c374f4273f90,9dc97502-8985-441b-b167-cf244a153046,Comentar em posts do Mercado Livre,Interaja com nossos parceiros! Comente em um post do Mercado Livre e mostre que a manada tá com tudo.,https://trexx.s3.us-east-2.amazonaws.com/Comentar+Meli+(1).png,,,OPEN,false,false,false,2025-06-25T18:08:49.11,2025-06-25T18:08:49.11
e836b173-c063-4260-92f0-3777904e9e0b,e93d4e9a-ca5d-4183-ab90-f07ebcafe91f,d779a239-1a5c-48a5-8650-c374f4273f90,9dc97502-8985-441b-b167-cf244a153046,Comentar em posts do Banco do Brasil,Interaja com nossos parceiros! Comente em um post do Banco do Brasil e mostre que a manada tá com tudo.,https://trexx.s3.us-east-2.amazonaws.com/Comenta%CC%81rio+BB+(1).png,,,OPEN,false,false,false,2025-06-25T18:08:49.11,2025-06-25T18:08:49.11
21170e56-8753-406a-98d2-a1002b67fd45,fc280d3f-9dcc-415d-a77b-624ac7a1e1de,6a6b3b4f-3afa-43a9-946f-7e51f33738fe,ffbcc825-0abe-40da-b0b2-ecb27826c044,Pesquisa Trexx,Queremos saber a sua opinião para melhorar cada vez mais a experiência da comunidade. Responder essa pesquisa rápida nos ajuda a criar campanhas e conteúdos que realmente fazem sentido para você.,https://trexx.s3.us-east-2.amazonaws.com/Capa+Misso%CC%83es+Trexx+(1).png,,,OPEN,false,false,false,2025-06-02T23:13:32.135,2025-06-02T23:13:32.135
4e32a677-4689-4f56-9e38-0f025acad6a2,55789536-e560-47f9-ba6c-7f7506060dc1,89a711ed-bab7-4599-a272-d308018ff7d5,e18831ab-ebf1-4695-b4f4-ed68b1a814e0,Seguir a ENX Team no Instagram,"Siga o perfil oficial da @enx.team no Instagram e fique por dentro das novidades, bastidores, campanhas e conteúdos exclusivos do time.",https://trexx.s3.us-east-2.amazonaws.com/6.png,,,OPEN,false,false,false,2025-06-25T18:08:49.11,2025-06-25T18:08:49.11
4b55a5c4-d157-408b-b4d2-1369929a8324,55789536-e560-47f9-ba6c-7f7506060dc1,89a711ed-bab7-4599-a272-d308018ff7d5,e18831ab-ebf1-4695-b4f4-ed68b1a814e0,Seguir a ENX Team no X,"Fique por dentro das novidades e ativações exclusivas!

Siga o perfil oficial da @enxteam no X (antigo Twitter) e acompanhe conteúdos exclusivos, anúncios, bastidores e interações da equipe.",https://trexx.s3.us-east-2.amazonaws.com/8.png,,,OPEN,false,false,false,2025-06-25T18:08:49.11,2025-06-25T18:08:49.11
3de36cc3-d439-4ad8-a8bf-9adb728ee9be,55789536-e560-47f9-ba6c-7f7506060dc1,89a711ed-bab7-4599-a272-d308018ff7d5,e18831ab-ebf1-4695-b4f4-ed68b1a814e0,Seguir a ENX Team na Twitch,"Acompanhe as lives e conteúdos ao vivo da ENX Team!

Siga o canal oficial da ENX Team na Twitch e não perca transmissões, campeonatos, bastidores e momentos exclusivos da equipe.",https://trexx.s3.us-east-2.amazonaws.com/7.png,,,OPEN,false,false,false,2025-06-25T18:08:49.11,2025-06-25T18:08:49.11
42df4e7c-ac03-4292-a5e4-58ab03164c67,55789536-e560-47f9-ba6c-7f7506060dc1,89a711ed-bab7-4599-a272-d308018ff7d5,e18831ab-ebf1-4695-b4f4-ed68b1a814e0,Convidar os amigos para seguir nossas redes,"A força da comunidade está em quem você traz com você!

Convide seus amigos para seguirem nossos perfis nas redes sociais e ajude a fortalecer a comunidade. Quanto mais gente chegar, mais ativações, sorteios e conteúdos épicos podemos lançar!

",https://trexx.s3.us-east-2.amazonaws.com/Misso%CC%83es+(1).png,,,OPEN,false,false,false,2025-06-25T18:08:49.11,2025-06-25T18:08:49.11
17dd607f-24b7-4ed4-9d52-0fea3fc2337e,55789536-e560-47f9-ba6c-7f7506060dc1,89a711ed-bab7-4599-a272-d308018ff7d5,e18831ab-ebf1-4695-b4f4-ed68b1a814e0,Convide 3 amigos!,"A força da comunidade está em quem você traz com você!

Convide seus amigos para seguirem nossos perfis nas redes sociais e ajude a fortalecer a comunidade. Quanto mais gente chegar, mais ativações, sorteios e conteúdos épicos podemos lançar!

",https://trexx.s3.us-east-2.amazonaws.com/Misso%CC%83es+(1).png,,,OPEN,false,false,false,2025-06-25T18:08:49.11,2025-06-25T18:08:49.11
c8acbb76-b13a-4c2f-8621-028278481501,55789536-e560-47f9-ba6c-7f7506060dc1,89a711ed-bab7-4599-a272-d308018ff7d5,e18831ab-ebf1-4695-b4f4-ed68b1a814e0,Convide 5 amigos!,"A força da comunidade está em quem você traz com você!

Convide seus amigos para seguirem nossos perfis nas redes sociais e ajude a fortalecer a comunidade. Quanto mais gente chegar, mais ativações, sorteios e conteúdos épicos podemos lançar!

",https://trexx.s3.us-east-2.amazonaws.com/Misso%CC%83es+(1).png,,,OPEN,false,false,false,2025-06-25T18:08:49.11,2025-06-25T18:08:49.11
cd77c0de-53eb-4b0d-a686-d2e71caa2e16,55789536-e560-47f9-ba6c-7f7506060dc1,89a711ed-bab7-4599-a272-d308018ff7d5,e18831ab-ebf1-4695-b4f4-ed68b1a814e0,Convide 10 amigos!,"A força da comunidade está em quem você traz com você!

Convide seus amigos para seguirem nossos perfis nas redes sociais e ajude a fortalecer a comunidade. Quanto mais gente chegar, mais ativações, sorteios e conteúdos épicos podemos lançar!

",https://trexx.s3.us-east-2.amazonaws.com/Misso%CC%83es+(1).png,,,OPEN,false,false,false,2025-06-25T18:08:49.11,2025-06-25T18:08:49.11
249951a0-4fd7-46b1-b443-88efa406f46d,55789536-e560-47f9-ba6c-7f7506060dc1,89a711ed-bab7-4599-a272-d308018ff7d5,e18831ab-ebf1-4695-b4f4-ed68b1a814e0,Participe do nosso Discord,"Junte-se à comunidade e fique por dentro de tudo!

Entre no servidor oficial da ENX Team no Discord para ter acesso a conteúdos exclusivos, sorteios, missões secretas, papos com a comunidade e muito mais.",https://trexx.s3.us-east-2.amazonaws.com/10.png,,,OPEN,false,false,false,2025-06-25T18:08:49.11,2025-06-25T18:08:49.11
d1ab4680-ac6c-4d70-95b8-05c8f92f18f7,55789536-e560-47f9-ba6c-7f7506060dc1,89a711ed-bab7-4599-a272-d308018ff7d5,e18831ab-ebf1-4695-b4f4-ed68b1a814e0,Comente em nossos posts,"Sua voz vale pontos!

Interaja com a comunidade comentando em nossos posts no Instagram. Mostre que você está com a gente — seja com elogios, opiniões, perguntas ou até memes!",https://trexx.s3.us-east-2.amazonaws.com/11.png,,,OPEN,false,false,false,2025-06-25T18:08:49.11,2025-06-25T18:08:49.11
d0aafe3d-1b6d-4c92-9dce-a2a7d0b4744c,55789536-e560-47f9-ba6c-7f7506060dc1,89a711ed-bab7-4599-a272-d308018ff7d5,e18831ab-ebf1-4695-b4f4-ed68b1a814e0,Use nossas hashtags e mostre que você faz parte do time!,"Marque presença nas redes com #GoENX e #ENXTeam.
Mostre seu apoio, compartilhe momentos épicos e ajude a espalhar a força da comunidade!
Quem usa as tags, aparece.",https://trexx.s3.us-east-2.amazonaws.com/12.png,,,OPEN,false,false,false,2025-06-25T18:08:49.11,2025-06-25T18:08:49.11
85ee4d1d-60be-4107-9ebf-424ebbd6d266,e93d4e9a-ca5d-4183-ab90-f07ebcafe91f,d779a239-1a5c-48a5-8650-c374f4273f90,9dc97502-8985-441b-b167-cf244a153046,Escolha seu proplayer favorito de R6,Quem é o seu ídolo na equipe de Rainbow Six? Escolha o seu favorito e mostre seu apoio.,https://trexx.s3.us-east-2.amazonaws.com/Favorito+Siege+(1).png,,,OPEN,false,false,false,2025-06-25T18:08:49.11,2025-06-25T18:08:49.11
517495f0-f331-47b9-87cf-3e39c93d9756,e93d4e9a-ca5d-4183-ab90-f07ebcafe91f,d779a239-1a5c-48a5-8650-c374f4273f90,9dc97502-8985-441b-b167-cf244a153046,Escolha seu proplayer favorito de LoL,Quem é sua lenda no LoL? Escolha seu player preferido e fortaleça o elo.,https://trexx.s3.us-east-2.amazonaws.com/Favorito+LOL+(1).png,,,OPEN,false,false,false,2025-06-25T18:08:49.11,2025-06-25T18:08:49.11
867f4783-41bf-4166-9c01-9806e716d73b,e93d4e9a-ca5d-4183-ab90-f07ebcafe91f,d779a239-1a5c-48a5-8650-c374f4273f90,9dc97502-8985-441b-b167-cf244a153046,Escolha seu influenciador favorito,A W7M também é conteúdo! Escolha seu influenciador favorito do nosso time.,https://trexx.s3.us-east-2.amazonaws.com/Influ+Favorito+(1).png,,,OPEN,false,false,false,2025-06-25T18:08:49.11,2025-06-25T18:08:49.11
7a36c19f-b9e1-4612-a491-8d7c4fe1eb6c,e93d4e9a-ca5d-4183-ab90-f07ebcafe91f,d779a239-1a5c-48a5-8650-c374f4273f90,9dc97502-8985-441b-b167-cf244a153046,Escolha sua proplayer favorita de R6,Quem é a sua pro player favorita do R6 feminino? Essa escolha vale pontos!,https://trexx.s3.us-east-2.amazonaws.com/Favorita+Siege+Fem+(1).png,,,OPEN,false,false,false,2025-06-25T18:08:49.11,2025-06-25T18:08:49.11
5319da8b-547c-4b9a-a4cf-5639054f515b,e93d4e9a-ca5d-4183-ab90-f07ebcafe91f,d779a239-1a5c-48a5-8650-c374f4273f90,9dc97502-8985-441b-b167-cf244a153046,Ir a um Encontro de Comunidade,"Mostre que você colou numa watch party ou evento da comunidade W7M, e ganhe pontos",https://trexx.s3.us-east-2.amazonaws.com/Comunidade+(1)+(1).png,,,OPEN,false,false,false,2025-06-25T18:08:49.11,2025-06-25T18:08:49.11
9f113569-ea8d-4349-8b09-fd25834f3d2c,e93d4e9a-ca5d-4183-ab90-f07ebcafe91f,d779a239-1a5c-48a5-8650-c374f4273f90,9dc97502-8985-441b-b167-cf244a153046,Abra sua conta no BB,"Abra sua conta no Banco do Brasil e garanta pontos extras no programa. É rápido, gratuito e 100% digital! Basta acessar o link e seguir o passo a passo para criar sua conta.",https://trexx.s3.us-east-2.amazonaws.com/Abra+Sua+Conta+(1)+(1).png,,,OPEN,false,false,false,2025-06-25T18:08:49.11,2025-06-25T18:08:49.11
